timestamp,track_id,name,distance
1754995669.3753908,5,person_2,1.1429
1754995669.809789,1,person_0,0.3218
1754995669.877644,2,person_1,0.7381
1754995669.9467173,3,person_4,0.9461
1754995670.0158834,4,person_3,0.2661
1754995670.0864897,5,person_2,1.0671
1754995670.4199104,1,person_0,0.4894
1754995670.492566,2,person_1,0.7557
1754995670.5463595,3,person_2,1.0237
1754995670.6131318,4,person_3,0.8090
1754995670.680116,5,person_4,1.1209
1754995671.0148811,1,person_0,0.6930
1754995671.0803869,2,person_1,0.8181
1754995671.1599185,3,person_2,0.9407
1754995671.2235992,4,person_3,0.9447
1754995671.5534632,1,person_0,0.7730
1754995671.6223688,2,person_1,0.8199
1754995671.693597,3,person_2,0.9948
1754995671.8179154,5,person_2,1.0352
1754995672.1022837,1,person_0,0.8377
1754995672.18748,2,person_1,0.7893
1754995672.2532742,3,person_4,1.0478
1754995672.3803387,5,person_4,1.1110
1754995672.659588,1,person_0,0.8377
1754995672.7271984,2,person_1,0.8626
1754995672.8551176,5,person_4,1.1059
1754995672.9852333,3,person_2,0.9905
1754995673.3070111,7,person_4,1.1906
1754995673.5696757,10,person_4,1.0998
1754995673.6414735,11,person_4,0.9111
1754995673.700783,12,person_4,1.1323
1754995674.0261672,7,person_4,1.1561
1754995674.1050155,8,person_5,0.2656
1754995674.178768,9,person_6,0.9470
1754995674.2476118,10,person_4,1.0619
1754995674.3175216,11,person_4,0.9342
1754995674.7281501,7,person_4,1.1216
1754995674.7936387,8,person_5,0.3851
1754995674.87483,9,person_6,0.8782
1754995674.943711,10,person_4,1.0320
1754995675.0144653,11,person_4,0.9808
1754995675.2133746,13,person_7,0.6907
1754995675.5120249,8,person_5,0.2520
1754995675.5907238,9,person_6,0.9400
1754995675.653859,10,person_4,1.0466
1754995675.7329936,11,person_4,0.9723
1754995675.9160829,13,person_7,0.9023
1754995676.3287094,8,person_5,0.4668
1754995676.3955605,9,person_6,0.9700
1754995676.4681647,10,person_4,1.0604
1754995676.5390298,11,person_4,0.9447
1754995676.7259276,13,person_7,0.8320
1754995676.9594555,7,person_0,1.1797
1754995677.0274734,8,person_5,0.4971
1754995677.0996056,9,person_6,0.9629
1754995677.1707304,11,person_4,1.0094
1754995677.337335,13,person_7,0.8662
1754995677.643153,8,person_5,0.5019
1754995677.7147634,9,person_6,1.1543
1754995677.7838845,11,person_4,1.0733
1754995677.9633474,13,person_7,0.8447
1754995678.0310378,10,person_4,1.0672
1754995678.2579553,7,person_1,1.1980
1754995678.3228366,8,person_5,0.6542
1754995678.4079337,9,person_2,1.0419
1754995678.479062,11,person_4,1.0532
1754995678.666118,13,person_7,0.9425
1754995678.7361536,10,person_4,1.0095
1754995679.0303805,8,person_5,0.6653
1754995679.0995028,9,person_2,1.0787
1754995679.1723897,11,person_2,1.0928
1754995679.3505878,13,person_7,0.9135
1754995679.4092705,10,person_4,0.9985
1754995679.8409207,16,person_2,1.1346
1754995679.894628,17,person_3,1.1810
1754995679.973393,18,person_5,1.1210
1754995680.052406,19,person_4,0.8417
1754995680.1158414,20,person_6,1.1670
1754995680.1790667,21,person_4,1.0134
1754995680.6199994,15,person_9,0.6988
1754995680.6799457,16,person_2,1.1542
1754995680.7626793,17,person_4,1.0969
1754995680.8306339,18,person_5,1.1083
1754995680.899762,19,person_4,0.8370
1754995680.969008,20,person_6,1.1831
1754995681.0431626,21,person_4,0.9648
1754995681.1164913,23,person_2,1.1514
1754995681.3783593,22,person_10,1.0636
1754995681.449601,25,person_4,1.1521
1754995681.6715536,15,person_9,0.9761
1754995681.7366655,16,person_2,1.0691
1754995681.8134935,17,person_4,0.8720
1754995681.9529061,19,person_4,0.8916
1754995682.0883753,21,person_4,0.9820
1754995682.1586025,23,person_4,1.1501
1754995682.2304103,24,person_11,0.7958
1754995682.4123864,22,person_10,1.1533
1754995682.4699805,25,person_8,1.0818
1754995682.712901,15,person_9,1.0427
1754995682.7831964,16,person_2,1.1285
1754995682.8540647,19,person_4,1.0075
1754995682.9254062,20,person_6,1.1526
1754995682.9905305,21,person_4,0.9630
1754995683.0611467,23,person_4,1.1267
1754995683.1282616,24,person_11,1.1193
1754995683.525814,15,person_9,1.0267
1754995683.5914404,16,person_2,1.0961
1754995683.672408,19,person_4,0.8436
1754995683.7338386,20,person_6,1.1415
1754995683.7969985,21,person_4,0.9845
1754995683.8765607,23,person_4,1.1174
1754995683.9398015,24,person_11,1.1991
1754995684.018982,26,person_4,1.0421
1754995684.4356868,15,person_9,1.0252
1754995684.505699,16,person_2,1.1024
1754995684.5765622,20,person_6,1.1353
1754995684.6457067,21,person_4,0.9895
1754995684.7143188,23,person_4,1.0901
1754995684.8522997,26,person_4,1.0512
1754995685.2056665,28,person_4,1.1156
1754995685.331952,15,person_9,0.9934
1754995685.3976223,16,person_4,0.9173
1754995685.4725068,20,person_8,1.1093
1754995685.5427866,21,person_4,1.0147
1754995685.6148005,23,person_4,1.1282
1754995685.758522,26,person_4,1.0084
1754995686.0064056,29,person_4,1.0169
1754995686.2757502,28,person_4,1.0662
1754995686.401839,15,person_9,0.9678
1754995686.471812,20,person_2,1.0464
1754995686.5435123,21,person_4,1.0004
1754995686.8535156,29,person_4,0.9059
1754995686.9999702,30,person_12,0.5536
1754995687.1238594,28,person_4,1.1551
1754995687.2485116,15,person_9,1.0731
1754995687.3043523,20,person_6,1.0947
1754995687.3897903,21,person_4,1.0157
1754995687.7123635,29,person_4,0.9157
1754995687.823383,30,person_12,0.7588
1754995687.9057677,31,person_4,0.9167
1754995688.0350513,28,person_4,0.8161
1754995688.15892,15,person_9,1.0581
1754995688.2226152,20,person_6,1.0772
1754995688.2860196,21,person_4,1.0981
1754995688.3691041,23,person_6,1.1278
1754995688.6680167,30,person_12,0.5736
1754995688.8486001,15,person_9,1.0876
1754995688.919852,20,person_2,1.0996
1754995688.9895191,21,person_4,1.0637
1754995689.0592837,23,person_6,1.1557
1754995689.346804,30,person_12,0.9280
1754995689.4841082,26,person_4,0.9781
1754995689.610021,15,person_9,1.0144
1754995689.6776586,20,person_12,1.0817
1754995689.749098,21,person_4,1.1026
1754995689.8180616,23,person_6,1.1198
1754995690.1231332,30,person_12,0.9860
1754995690.2559462,16,person_8,1.1076
1754995690.3769782,15,person_9,1.0256
1754995690.447398,20,person_6,1.1367
1754995690.515941,21,person_4,1.0253
1754995690.5891533,23,person_6,1.1110
1754995690.8973968,30,person_12,0.8986
1754995691.0244179,16,person_0,1.1895
1754995691.094145,31,person_4,1.0168
1754995691.2185028,15,person_9,1.0624
1754995691.286985,20,person_6,1.0493
1754995691.357289,21,person_4,1.0491
1754995691.426309,23,person_6,1.1208
1754995691.6199865,26,person_4,0.8539
1754995691.810594,30,person_12,0.9263
1754995691.9379444,16,person_0,1.1549
1754995691.9908636,31,person_4,0.8610
1754995692.1221724,15,person_9,1.0126
1754995692.2051442,20,person_6,1.1977
1754995692.2762785,23,person_6,1.1012
1754995692.479661,26,person_4,1.0284
1754995692.6661663,30,person_12,0.7594
1754995692.7918465,16,person_0,1.1654
1754995692.8619318,31,person_4,1.0538
1754995692.9913788,15,person_9,0.9746
1754995693.0609794,20,person_4,1.0346
1754995693.1321187,23,person_6,1.1132
1754995693.3310204,26,person_4,0.8615
1754995693.443267,33,person_2,1.1460
1754995693.5735612,30,person_12,0.9625
1754995693.6949692,16,person_4,1.1138
1754995693.7614486,31,person_4,0.8649
1754995693.895692,15,person_9,1.0429
1754995693.9687464,20,person_12,1.1095
1754995694.0413632,23,person_6,1.1489
1754995694.280144,33,person_4,1.1122
1754995694.4734545,16,person_4,1.0812
1754995694.544243,31,person_4,0.8481
1754995694.6775506,24,person_4,1.0532
1754995694.9075563,34,person_2,1.0850
1754995695.093751,24,person_4,1.1493
1754995695.318732,34,person_4,1.1385
1754995695.4561088,36,person_4,0.8221
1754995695.5851936,24,person_4,1.1311
1754995695.9371858,36,person_4,0.8481
1754995696.0691266,24,person_4,1.0845
1754995696.4767523,24,person_4,1.0879
1754995696.8951063,24,person_4,1.1571
1754995697.316626,24,person_4,1.1507
1754995697.54523,34,person_4,1.0580
1754995698.9990766,38,person_4,1.1140
1754995699.3320374,37,person_13,0.4855
1754995699.4028857,38,person_4,1.0827
1754995699.7166839,37,person_13,0.7213
1754995699.799573,38,person_4,1.1235
1754995700.1343944,37,person_13,1.0611
1754995700.1998615,38,person_4,1.0712
1754995700.5399215,37,person_13,0.8088
1754995700.8694675,37,person_13,1.0933
1754995701.3356268,38,person_4,1.1329
1754995701.7198012,41,person_4,1.1803
1754995702.0537982,40,person_14,0.5926
1754995702.1226654,41,person_4,1.1724
1754995702.45927,40,person_0,1.1711
1754995702.524628,41,person_4,0.9494
1754995702.8627646,40,person_14,1.0937
1754995702.9310622,41,person_4,1.1211
1754995703.2453122,40,person_14,0.8536
1754995703.3134415,41,person_4,1.1020
1754995703.6478503,40,person_14,0.8187
1754995703.7804122,41,person_4,0.9754
1754995704.0699935,40,person_14,0.7914
1754995704.2007425,41,person_4,1.0491
1754995704.4866648,40,person_14,1.1466
1754995704.918432,43,person_13,1.1609
1754995704.9889674,44,person_3,1.1474
1754995705.0561042,45,person_6,1.1611
1754995705.1249743,46,person_8,1.0129
1754995705.1953816,47,person_4,1.0310
1754995705.520651,43,person_13,1.1801
1754995705.5935516,44,person_3,1.1389
1754995705.7350461,47,person_4,1.0985
1754995706.054917,43,person_13,1.1898
1754995706.1241748,44,person_3,1.1862
1754995706.265635,47,person_4,1.1154
1754995706.4388855,46,person_8,0.9966
1754995706.6786954,43,person_13,1.1943
1754995706.7476351,44,person_3,1.1998
1754995706.8896549,47,person_4,1.1209
1754995707.063628,46,person_0,1.0585
1754995707.4481838,51,person_14,1.1335
1754995707.7378743,53,person_4,1.0835
1754995707.9609344,51,person_14,0.9694
1754995708.0306706,52,person_15,0.6702
1754995708.2199905,53,person_2,1.1633
1754995708.4477627,51,person_14,0.8497
1754995708.5191429,52,person_15,0.8719
1754995708.7051606,53,person_4,1.1344
1754995708.937202,51,person_14,0.8249
1754995709.0019763,52,person_15,0.8614
1754995709.186111,53,person_8,1.1165
1754995709.4171004,51,person_14,0.8131
1754995709.4887471,52,person_15,0.9428
1754995709.6742966,53,person_4,1.0957
1754995709.9057932,51,person_14,0.8317
1754995709.975609,52,person_15,1.0389
1754995710.3075235,51,person_14,0.8256
1754995710.3790581,52,person_15,1.0291
1754995710.560637,53,person_4,1.1358
1754995710.7934325,51,person_14,0.8301
1754995710.8598342,52,person_15,1.0118
1754995711.039835,53,person_0,1.1820
1754995711.2726142,51,person_14,0.8496
1754995711.3424873,52,person_15,0.9937
1754995711.5311565,53,person_2,1.1436
1754995711.7681823,51,person_14,0.8567
1754995711.8395774,52,person_15,0.9753
1754995712.0142615,53,person_4,1.1500
1754995712.25261,51,person_14,0.8647
1754995712.3087964,52,person_15,0.9836
1754995712.498749,53,person_4,1.0282
1754995712.7325287,51,person_14,0.9050
1754995712.8018763,52,person_15,0.9594
1754995713.3334744,55,person_0,1.1297
1754995713.6654785,54,person_16,0.3209
1754995713.7301698,55,person_0,1.0893
1754995714.0664873,54,person_16,0.6311
1754995714.13511,55,person_0,1.0047
1754995714.4798224,54,person_16,1.0074
1754995714.5500784,55,person_0,1.1644
1754995714.869476,54,person_16,0.8497
1754995715.270933,54,person_16,1.0619
1754995715.608177,54,person_16,0.8245
1754995715.9397278,54,person_16,0.8462
1754995716.2794647,54,person_16,1.0060
1754995716.5164378,56,person_2,1.1254
1754995716.6945796,54,person_16,0.8046
1754995716.9310384,56,person_2,1.1056
1754995717.1165242,54,person_16,0.9710
1754995717.4313576,54,person_16,0.9179
1754995717.7670467,54,person_16,0.9121
1754995718.0976434,54,person_16,0.7758
1754995718.4362316,54,person_16,0.7990
1754995718.7713223,58,person_9,1.0887
1754995718.8304253,59,person_12,1.1218
1754995719.1679168,58,person_9,1.0347
1754995719.2463393,59,person_13,1.1674
1754995719.5903373,58,person_9,1.0157
1754995719.6625013,59,person_14,1.1741
1754995719.9943905,58,person_9,1.0069
1754995720.0672922,59,person_14,1.1631
1754995720.395501,58,person_9,1.0717
1754995720.4529366,59,person_14,1.1919
1754995720.7948751,58,person_9,1.1108
1754995720.8661735,59,person_13,1.1421
1754995721.19272,58,person_9,1.0620
1754995721.263179,59,person_13,1.1202
1754995721.6009693,58,person_9,0.9774
1754995721.6685865,59,person_13,1.1318
1754995721.9990294,58,person_9,1.0553
1754995722.0712872,59,person_13,1.1766
1754995722.3989434,58,person_9,1.0475
1754995722.4675064,59,person_12,1.1548
1754995722.801317,58,person_0,1.0669
1754995722.8637109,59,person_4,1.1255
1754995723.2063868,58,person_0,1.0670
1754995723.2765067,59,person_12,1.1396
1754995723.6154234,58,person_0,1.1135
1754995723.6832578,59,person_12,1.1470
1754995724.0748043,60,person_14,1.1872
1754995724.144576,61,person_4,1.1918
1754995724.9425597,61,person_10,1.1431
1754995725.3378985,61,person_4,1.1024
1754995725.6742625,60,person_14,1.1950
1754995726.0956068,60,person_14,1.1080
1754995726.1646924,61,person_4,1.1154
1754995726.4986,60,person_14,1.1576
1754995726.5694003,61,person_4,1.1206
1754995726.8955112,60,person_4,1.0636
1754995726.9602435,61,person_4,1.1543
1754995728.2371628,62,person_17,1.0279
1754995728.573752,62,person_17,1.0181
1754995728.9021254,62,person_17,1.1985
1754995729.577859,62,person_13,1.1710
1754995729.9091725,62,person_4,1.1029
1754995730.2393117,62,person_9,0.9892
1754995730.3787904,63,person_14,1.1398
1754995730.6631036,62,person_0,1.1310
1754995731.4837544,62,person_0,1.1781
1754995731.6700609,63,person_4,1.1944
1754995731.8950758,62,person_2,1.0551
1754995732.3168476,62,person_4,1.0946
1754995732.5058599,63,person_14,1.1027
1754995732.7317162,62,person_4,1.0666
1754995732.9316988,63,person_14,1.1515
1754995733.4158964,65,person_13,1.1713
1754995733.4850166,66,person_4,0.7923
1754995733.8080623,64,person_18,0.7849
1754995733.8789687,65,person_13,1.1975
1754995734.8735325,66,person_4,1.0600
1754995735.1349578,71,person_19,0.7920
1754995735.2070954,72,person_4,0.9492
1754995735.5254672,65,person_13,1.1096
1754995735.5935366,71,person_19,0.5501
1754995735.6669562,72,person_4,0.8447
1754995736.0035605,66,person_12,1.1817
1754995736.234439,75,person_14,1.0786
1754995736.397767,77,person_2,1.1869
1754995736.4644814,78,person_4,1.1489
1754995736.5409467,79,person_4,1.0466
1754995736.867148,75,person_14,1.0673
1754995736.9380572,76,person_20,0.6106
1754995737.0069263,77,person_2,1.1275
1754995737.3887336,75,person_14,1.0716
1754995737.447682,76,person_20,0.8186
1754995737.791167,75,person_14,0.9766
1754995737.8625736,76,person_20,0.8315
1754995738.1874626,75,person_14,1.0121
1754995738.2568536,76,person_20,0.9059
1754995738.5909023,75,person_14,1.0122
1754995738.6501558,76,person_20,0.9260
1754995738.8869538,80,person_4,0.9541
1754995739.0709505,75,person_14,1.0007
1754995739.1361527,76,person_20,0.9376
1754995739.3804278,80,person_4,0.9875
1754995739.567023,75,person_14,1.0645
1754995739.6372054,76,person_20,0.9454
1754995739.8651032,80,person_2,1.0549
1754995740.052523,75,person_14,1.0913
1754995740.1241617,76,person_20,1.1492
1754995740.3522117,80,person_2,1.0762
1754995740.538729,75,person_14,1.0591
1754995740.7378352,82,person_12,1.1177
1754995741.0101902,76,person_20,1.1322
1754995741.3458896,76,person_20,1.0680
1754995741.6832547,76,person_20,1.0713
1754995742.0158546,76,person_20,1.1205
1754995742.3492951,76,person_20,1.1126
1754995742.687099,76,person_13,1.1537
1754995742.84846,84,person_4,1.0779
1754995743.2470598,83,person_21,0.8431
1754995743.3177595,84,person_12,1.1058
1754995743.3892496,85,person_4,1.1712
1754995743.7373133,76,person_13,1.1994
1754995743.816605,83,person_21,0.8003
1754995743.8889608,85,person_12,1.1861
1754995743.9613583,84,person_4,1.0044
1754995744.2910645,76,person_13,1.1965
1754995744.360447,83,person_21,0.6721
1754995744.4320462,85,person_8,1.1613
1754995744.5564706,84,person_4,0.9247
1754995744.8510156,76,person_14,1.1916
1754995744.9213922,83,person_21,0.7063
1754995744.994259,85,person_12,1.1117
1754995745.386631,83,person_20,1.1282
1754995745.4583118,85,person_12,1.1057
1754995745.8595486,83,person_20,1.1306
1754995746.2846985,86,person_13,1.0702
1754995746.615716,86,person_13,1.0785
1754995746.9490929,86,person_13,1.1544
1754995747.2862706,86,person_13,1.1560
1754995747.6316364,86,person_13,1.1754
1754995747.7686934,76,person_13,1.1395
1754995748.0115767,87,person_9,1.1377
1754995748.2281156,89,person_12,1.0924
1754995748.361328,76,person_4,1.0806
1754995748.5879936,87,person_9,1.0162
1754995748.737419,89,person_12,0.9977
1754995749.1011403,87,person_9,0.9487
1754995749.2264087,89,person_4,1.0082
1754995749.3404524,76,person_4,1.1212
1754995749.573386,87,person_21,0.8392
1754995749.7131655,89,person_12,0.9573
1754995749.837196,76,person_4,1.0689
1754995750.0646698,87,person_21,0.7671
1754995750.2540898,76,person_4,0.9482
1754995750.4867811,87,person_21,0.8896
1754995750.7624478,90,person_9,1.1370
1754995751.096184,90,person_9,1.0917
1754995751.4400735,90,person_9,1.1136
1754995752.0056703,93,person_4,1.1389
1754995752.1362984,94,person_12,1.1198
1754995752.4928994,92,person_24,0.9288
1754995752.5657792,93,person_2,1.1635
1754995752.6930676,94,person_22,1.1549
1754995752.9756618,91,person_23,1.1985
1754995753.1123426,93,person_2,1.1796
1754995753.2431343,94,person_22,1.0673
1754995753.503985,91,person_8,1.1869
1754995753.651189,93,person_2,1.1955
1754995753.772786,94,person_21,1.1934
1754995754.0402176,91,person_8,1.1926
1754995754.3179808,94,person_22,1.1340
1754995754.4985688,90,person_0,1.1335
1754995754.8323298,90,person_24,1.1797
1754995755.1638372,90,person_24,1.1483
1754995755.5016448,90,person_13,1.1280
1754995755.8338928,90,person_13,1.1356
1754995756.167232,90,person_24,1.1978
1754995756.5018957,90,person_13,1.0908
1754995756.833624,90,person_13,1.1447
1754995757.333569,96,person_4,1.1872
1754995757.4979491,98,person_22,1.1961
1754995757.5707102,99,person_4,1.0544
1754995758.072642,96,person_4,1.0785
1754995758.1359093,97,person_25,0.9859
1754995758.2130387,98,person_12,1.1323
1754995758.3405445,100,person_26,0.3728
1754995758.4255233,102,person_27,0.4331
1754995758.846183,96,person_21,1.1323
1754995758.9200878,97,person_21,0.8949
1754995758.9827669,98,person_12,1.0683
1754995759.0460923,99,person_4,1.0801
1754995759.1248493,100,person_26,0.5040
1754995759.413826,104,person_8,1.0748
1754995759.5485764,96,person_4,1.0190
1754995759.6220732,97,person_21,0.9883
1754995759.6933317,98,person_27,1.1335
1754995759.7626247,100,person_26,0.5465
1754995759.8967395,103,person_28,1.0335
1754995760.119433,104,person_4,1.0418
1754995760.2520385,96,person_4,1.0168
1754995760.3246272,97,person_4,1.0563
1754995760.3980975,98,person_27,1.1319
1754995760.4669666,100,person_26,0.7100
1754995760.6022716,103,person_28,0.9477
1754995760.7330418,102,person_27,0.9717
1754995760.90151,104,person_4,1.0569
1754995761.0301485,96,person_4,1.0882
1754995761.1007414,97,person_4,1.0733
1754995761.1752005,98,person_12,1.1197
1754995761.253924,100,person_26,0.7217
1754995761.3967903,103,person_28,1.0084
1754995761.5330226,102,person_27,0.7303
1754995762.172678,105,person_29,0.7357
1754995762.8396976,105,person_14,1.1697
1754995763.163529,105,person_29,0.9429
1754995763.8274448,105,person_0,1.1757
1754995764.1591036,105,person_13,1.1347
1754995764.4966257,105,person_29,1.1066
1754995764.8293028,105,person_29,1.1281
1754995765.1145213,106,person_4,0.8702
1754995765.2504442,105,person_25,1.0973
1754995765.5357966,106,person_4,0.8890
1754995765.667605,105,person_29,1.1022
1754995765.9615278,106,person_4,0.9504
1754995766.0901904,105,person_14,1.0003
1754995766.372695,107,person_13,1.1863
1754995767.704967,107,person_13,1.1844
1754995768.4896839,108,person_25,1.0702
1754995768.5557451,109,person_4,1.1403
1754995768.8992157,109,person_4,0.9466
1754995769.2268198,109,person_4,1.0570
1754995769.583732,109,person_4,0.9557
1754995769.9214895,109,person_2,1.1916
1754995770.2644145,109,person_4,1.1040
1754995770.548561,111,person_14,1.0580
1754995770.889534,111,person_14,1.0534
1754995771.2203436,111,person_14,1.0358
1754995771.4988022,112,person_4,1.0030
1754995771.618764,111,person_14,1.0515
1754995771.9030712,112,person_4,0.9747
1754995772.0397263,111,person_14,1.0409
1754995772.304315,112,person_4,0.8989
1754995772.4420943,111,person_13,1.1381
1754995772.7734134,111,person_14,1.0898
1754995773.1073737,111,person_14,0.9516
1754995773.4419992,111,person_14,0.9207
1754995773.792546,111,person_14,0.9070
1754995774.27693,113,person_9,1.0507
1754995774.6083298,113,person_9,1.1076
1754995774.9514675,113,person_20,1.1396
1754995775.2860594,113,person_20,1.1786
1754995775.6179295,113,person_14,0.8742
1754995775.950672,113,person_14,0.8429
1754995776.2872198,113,person_14,0.8402
1754995776.6251743,113,person_14,0.9141
1754995776.9031582,115,person_4,0.7920
1754995777.0388117,113,person_14,0.8328
1754995777.3218126,115,person_4,1.1389
1754995777.4573584,113,person_14,0.8986
1754995777.7303739,115,person_20,1.1992
1754995777.8562694,113,person_14,0.9048
1754995778.1467767,115,person_20,1.1450
1754995778.2804105,113,person_14,1.0091
1754995778.559155,115,person_20,1.1717
1754995778.6964939,113,person_14,0.9170
1754995779.0976503,113,person_14,0.9640
1754995779.3873599,115,person_20,1.0822
1754995779.5169003,113,person_14,1.0430
1754995779.8041337,115,person_20,1.1000
1754995779.933348,113,person_14,0.9465
1754995780.2204201,115,person_20,1.0805
1754995780.3529925,113,person_14,1.0361
1754995780.6395676,115,person_21,1.0936
1754995780.7723691,113,person_14,1.1003
1754995781.0587003,115,person_4,1.0594
1754995781.1912148,113,person_14,1.1307
1754995781.470245,115,person_4,1.0882
1754995781.607425,113,person_14,1.1240
1754995781.9417274,113,person_14,1.1751
1754995782.2721317,113,person_14,1.1425
1754995783.6159444,113,person_14,1.1777
1754995783.9536908,113,person_14,1.1719
1754995784.2342963,116,person_21,0.9712
1754995784.3640783,113,person_14,1.1287
1754995784.6356227,116,person_21,0.8752
1754995784.7642136,113,person_29,1.0470
1754995785.0535727,116,person_21,0.8134
1754995785.1648839,113,person_29,1.0476
1754995785.5882843,117,person_29,0.9487
1754995785.659393,118,person_9,1.1372
1754995785.790594,119,person_21,1.0024
1754995786.075672,117,person_29,0.9797
1754995786.148296,118,person_9,1.0866
1754995786.2904074,119,person_13,1.1581
1754995786.5700457,117,person_29,1.0166
1754995786.6500921,118,person_20,1.1334
1754995786.7931192,119,person_4,0.9715
1754995787.0750577,117,person_29,0.9495
1754995787.1379163,118,person_0,1.1176
1754995787.2863784,119,person_4,0.9255
1754995787.5643253,117,person_4,1.1026
1754995787.6396086,118,person_25,1.1202
1754995787.7801976,119,person_4,0.8868
1754995788.0600832,117,person_0,1.1503
1754995788.1391344,118,person_21,1.0176
1754995788.5516877,118,person_21,0.9961
1754995789.185216,120,person_30,1.0927
1754995789.5139043,120,person_30,1.0669
1754995789.8495116,120,person_30,0.9770
1754995790.183488,120,person_30,1.0676
1754995790.5245438,120,person_30,1.0067
1754995790.852652,120,person_13,1.0960
1754995791.3411446,122,person_14,1.1362
1754995791.414029,123,person_20,0.9019
1754995791.823066,122,person_14,1.0593
1754995791.8996546,123,person_20,0.8883
1754995792.2244694,122,person_29,1.1621
1754995792.3048484,123,person_20,0.9424
1754995792.6325412,122,person_14,1.0516
1754995792.6900475,123,person_20,1.0077
1754995793.0269637,125,person_25,1.0540
1754995793.1040823,126,person_4,1.0956
1754995793.5116372,125,person_25,1.1213
1754995793.5771656,126,person_4,1.0667
1754995793.6626823,127,person_32,1.0431
1754995794.0875263,125,person_18,1.1247
1754995794.156468,126,person_4,0.9234
1754995794.2249396,127,person_12,1.1277
1754995794.4215975,128,person_33,0.9372
1754995794.6611547,125,person_4,1.0658
1754995794.729645,126,person_4,1.0384
1754995794.7927728,127,person_12,1.1838
1754995794.9957085,128,person_33,0.8182
1754995795.2171752,125,person_4,0.9651
1754995795.300443,126,person_4,0.9860
1754995795.3742642,127,person_12,1.1305
1754995795.55823,128,person_33,0.8447
1754995795.8029609,125,person_4,1.0641
1754995795.8840714,126,person_4,1.0904
1754995796.1713915,128,person_33,1.0999
1754995796.3109493,125,person_4,1.1345
1754995796.3854115,126,person_4,1.0349
1754995796.6737602,128,person_33,1.0405
1754995796.8148963,125,person_4,1.0246
1754995796.892375,126,person_4,1.1216
1754995797.1743808,130,person_14,1.1364
1754995797.2567878,131,person_20,0.9674
1754995797.5890381,130,person_14,1.1095
1754995797.657555,131,person_20,1.0027
1754995797.994627,130,person_14,1.0836
1754995798.0712645,131,person_20,1.1555
1754995798.3947544,130,person_14,1.0005
1754995798.4764097,131,person_21,1.1672
1754995798.8177834,130,person_14,1.0259
1754995798.8883164,131,person_4,1.1761
1754995799.2211382,130,person_1,1.1628
1754995799.2948494,131,person_4,1.1416
1754995800.4470315,132,person_14,1.1688
1754995800.770976,132,person_14,1.0237
1754995801.8520043,134,person_35,0.9761
1754995802.1810982,134,person_35,0.9372
1754995802.7646587,136,person_22,1.0456
1754995803.4020703,137,person_35,0.9848
1754995803.5884407,138,person_8,1.1332
1754995803.6574683,134,person_35,0.9662
1754995803.9369264,139,person_4,1.1218
1754995804.4166255,140,person_21,1.0952
1754995804.5563636,141,person_4,1.0610
1754995804.7443817,142,person_4,0.9505
1754995804.9263978,140,person_21,1.1343
1754995805.0346744,141,person_4,1.0770
1754995805.4096024,140,person_4,1.0849
1754995805.5371912,141,person_4,1.1098
1754995805.7043166,142,person_25,1.1074
1754995805.8928812,140,person_21,1.0191
1754995806.1288378,142,person_4,1.1291
1754995806.3158236,140,person_29,1.1725
1754995806.5406375,142,person_4,1.0265
1754995806.7388096,140,person_13,1.0868
1754995806.9798963,142,person_4,1.0571
1754995807.170234,140,person_21,1.0913
1754995807.4005327,142,person_4,0.9970
1754995807.5327618,144,person_8,1.1963
1754995807.665523,140,person_21,1.0638
1754995807.9055095,142,person_4,1.0130
1754995808.0409064,144,person_27,1.1885
1754995808.1873956,140,person_4,1.1384
1754995808.3750048,146,person_22,1.1634
1754995808.4968202,142,person_4,1.0246
1754995808.6419256,144,person_0,1.1319
1754995809.0327506,148,person_30,1.1239
1754995809.3707526,147,person_19,1.1169
1754995809.7728481,147,person_4,1.0940
1754995810.1701279,147,person_4,1.1067
1754995810.2448583,148,person_0,1.1675
1754995810.5769234,147,person_4,1.1551
1754995810.6432354,148,person_0,1.0540
1754995810.9741821,147,person_4,1.0788
1754995811.3949,147,person_4,1.1925
1754995811.7315392,147,person_4,1.1066
1754995812.1139464,152,person_14,1.1678
1754995812.183623,153,person_5,1.1181
1754995812.369956,154,person_31,1.1490
1754995812.6036353,152,person_14,1.1175
1754995812.6719813,153,person_31,1.0795
1754995812.8551776,154,person_11,1.1106
1754995813.0972075,152,person_14,1.0920
1754995813.1746285,153,person_13,1.1917
1754995813.3511195,154,person_24,1.1830
1754995813.5400336,155,person_4,1.0327
1754995813.6772947,152,person_14,0.9634
1754995813.7560513,153,person_31,1.1062
1754995813.9415483,154,person_28,1.1057
1754995814.1248193,155,person_4,1.0994
1754995814.250293,152,person_14,1.0080
1754995814.3162496,153,person_5,1.1577
1754995814.5278726,154,person_22,1.1416
1754995814.712812,155,person_4,1.0352
1754995814.8495178,152,person_14,0.9408
1754995814.9277484,153,person_5,1.1926
1754995815.106233,154,person_4,1.0518
1754995815.287356,155,person_4,1.0808
1754995815.430452,152,person_14,0.9738
1754995815.6892576,154,person_24,1.1263
1754995815.8743572,155,person_4,0.9696
1754995816.0198371,152,person_14,1.1114
1754995816.2788956,154,person_12,1.1444
1754995816.4659584,155,person_4,0.9735
1754995816.6048336,152,person_14,1.1624
1754995816.9863408,155,person_21,0.9478
1754995817.1110082,152,person_13,1.1397
1754995817.4853613,155,person_21,1.0265
1754995817.6157322,152,person_14,1.1267
1754995817.9869802,155,person_21,0.9973
1754995818.1254873,152,person_14,1.0000
1754995821.9384625,157,person_2,1.0842
1754995822.011062,158,person_22,1.1193
1754995822.3355823,156,person_38,0.3553
1754995822.3939316,157,person_2,1.0448
1754995822.4750643,158,person_4,1.0023
1754995822.8080113,156,person_38,1.0309
1754995822.8796282,157,person_2,1.0572
1754995822.9429514,158,person_4,0.9967
1754995823.2752888,156,person_4,1.1202
1754995823.3464973,157,person_2,1.0602
1754995823.4165726,158,person_4,0.9883
1754995823.7342741,156,person_4,0.9954
1754995823.8078477,157,person_2,1.1960
1754995823.8784468,158,person_4,1.0016
1754995824.1987762,156,person_4,1.0332
1754995824.268088,158,person_21,1.1762
1754995824.594044,156,person_4,0.9430
1754995824.6514852,158,person_21,1.0423
1754995824.997991,158,person_21,1.1113
1754995825.3228915,158,person_21,1.1404
1754995825.664452,158,person_21,1.1770
1754995825.9992545,158,person_4,1.1591
1754995826.330415,158,person_21,1.1700
1754995826.6620865,158,person_4,1.1246
1754995827.0006635,158,person_0,1.1171
1754995827.3154483,158,person_0,1.1732
1754995827.6516147,158,person_13,1.1781
1754995827.9998236,158,person_29,1.1107
1754995828.378208,158,person_14,1.1723
1754995828.7236772,158,person_29,1.0957
1754995829.1188264,158,person_12,1.1636
1754995829.4813774,158,person_13,1.1779
1754995829.8296218,158,person_0,1.1202
1754995830.178175,158,person_0,1.1339
1754995830.574801,159,person_20,1.0124
1754995830.9600189,159,person_20,0.9925
1754995831.3103087,159,person_20,0.9893
1754995831.647086,159,person_20,0.8657
1754995832.0300858,159,person_20,0.8649
1754995832.4244757,159,person_20,0.9676
1754995832.7647948,159,person_20,0.9010
1754995833.1501284,160,person_14,1.0906
1754995833.4853733,160,person_14,0.9678
1754995833.8248308,160,person_29,1.0751
1754995834.159484,160,person_29,1.0459
1754995834.501525,160,person_29,0.9805
1754995834.831444,160,person_29,1.0059
1754995835.1577477,160,person_14,0.9658
1754995835.499653,160,person_14,1.0518
1754995835.835056,160,person_14,1.0311
1754995836.1621447,160,person_14,1.0726
1754995836.4995213,160,person_14,1.0475
1754995836.8369665,160,person_14,1.1165
1754995837.1666498,160,person_0,1.1140
1754995837.5012648,160,person_13,1.1172
1754995837.839535,160,person_29,1.1330
1754995838.1768203,160,person_14,1.0605
1754995838.5092635,160,person_14,1.0826
1754995838.8418748,160,person_14,0.9867
1754995839.1779797,160,person_14,1.0290
1754995839.5106933,160,person_14,1.0942
1754995839.840373,160,person_14,1.0841
1754995840.175884,160,person_14,1.1427
1754995840.5129151,160,person_14,1.1298
1754995840.8951313,161,person_38,1.0565
1754995840.9602842,162,person_14,1.0795
1754995841.2961435,161,person_38,1.1547
1754995841.3702471,162,person_14,1.0488
1754995841.697762,161,person_38,1.1618
1754995841.7762344,162,person_14,0.9990
1754995842.1039593,161,person_4,1.1979
1754995842.1775904,162,person_14,1.0044
1754995842.3155315,163,person_12,1.1864
1754995842.5833585,161,person_38,1.0798
1754995842.6590106,162,person_14,0.9137
1754995842.7875671,163,person_12,1.1902
1754995843.0743823,161,person_38,1.1701
1754995843.1456044,162,person_14,0.9390
1754995843.2719276,163,person_13,1.1825
1754995843.560654,161,person_4,1.1519
1754995843.6333628,162,person_14,1.0483
1754995843.7706735,163,person_18,1.1940
1754995844.0466452,161,person_4,1.1992
1754995844.1195424,162,person_25,1.1389
1754995844.2397387,163,person_22,1.1662
1754995844.5312502,161,person_38,1.1665
1754995844.6044998,162,person_2,1.1618
1754995844.7387602,163,person_13,1.1990
1754995845.009308,161,person_38,1.1862
1754995845.0901673,162,person_21,1.1072
1754995845.5022504,161,person_38,1.1885
1754995845.5752695,162,person_21,1.1387
1754995846.0794044,164,person_13,1.1823
1754995846.1452854,165,person_9,1.0566
1754995846.4842906,164,person_13,1.1704
1754995846.5542316,165,person_9,1.0522
1754995846.8908236,164,person_13,1.1921
1754995846.9584775,165,person_9,1.1110
1754995847.28389,164,person_12,1.1757
1754995847.351294,165,person_20,1.1181
1754995847.6932983,164,person_25,1.1667
1754995847.7611375,165,person_20,1.1368
1754995848.1036253,164,person_25,1.1247
1754995848.1788561,165,person_20,1.1401
1754995848.5054567,164,person_21,1.1089
1754995848.5782642,165,person_20,1.1488
1754995848.9063196,164,person_21,1.1141
1754995848.971493,165,person_20,1.1037
1754995849.3137732,164,person_21,1.0575
1754995849.3812783,165,person_20,1.1097
1754995849.7152362,164,person_21,1.0555
1754995849.7751286,165,person_9,1.1104
1754995850.104473,164,person_21,1.0135
1754995850.1732056,165,person_9,1.1013
1754995850.5000126,164,person_21,1.0502
1754995850.5709474,165,person_9,1.0516
1754995850.9004173,164,person_21,1.0839
1754995850.9685445,165,person_9,1.0881
1754995851.2976758,164,person_4,0.9920
1754995851.3712816,165,person_9,1.0753
1754995851.7034574,164,person_4,0.9907
1754995851.7723684,165,person_9,1.0972
1754995852.1559527,166,person_38,1.0329
1754995852.4946098,166,person_38,1.0398
1754995852.8192344,166,person_38,0.9328
1754995853.1580296,166,person_38,0.9603
1754995853.5957136,167,person_38,0.9168
1754995853.66406,168,person_14,1.1018
1754995853.990279,167,person_38,1.0292
1754995854.0757134,168,person_14,1.1735
1754995854.414987,167,person_38,1.0492
1754995854.4745078,168,person_14,0.9952
1754995854.8173683,167,person_38,1.0013
1754995854.8869746,168,person_14,0.9758
1754995855.215889,167,person_38,0.9349
1754995855.283966,168,person_14,0.9298
1754995855.6134965,167,person_38,1.1162
1754995855.6882975,168,person_14,0.9353
1754995856.027063,167,person_38,1.0819
1754995856.0974567,168,person_14,0.9836
1754995856.4327693,167,person_38,1.0149
1754995856.4976494,168,person_14,1.0625
1754995856.8340418,167,person_38,1.0238
1754995856.9097037,168,person_14,1.0255
1754995857.248627,167,person_38,0.9633
1754995857.3178477,168,person_14,1.1375
1754995857.6428761,167,person_38,0.9659
1754995857.7154562,168,person_29,1.1817
1754995858.0615923,167,person_38,1.0262
1754995858.1300437,168,person_29,1.1503
1754995858.4563181,167,person_38,1.0666
1754995858.5259562,168,person_29,1.1802
1754995858.869063,167,person_38,1.0871
1754995858.9388025,168,person_29,1.1190
1754995859.2652998,167,person_38,1.1223
1754995859.3407805,168,person_29,1.1645
1754995862.8888,169,person_21,1.1738
1754995863.2066221,169,person_21,1.1775
1754995863.5440238,169,person_13,1.1235
1754995865.2196317,169,person_25,1.1911
1754995867.6912484,170,person_39,0.6645
1754995868.0286818,170,person_39,0.7820
1754995868.357371,170,person_39,0.8415
1754995868.6948736,171,person_13,1.1278
1754995869.034187,171,person_13,1.1382
1754995869.3674457,171,person_13,1.1871
1754995869.7017875,171,person_13,1.1743
1754995870.0406303,171,person_13,1.1571
1754995870.3707013,171,person_13,1.1542
1754995870.7027597,171,person_13,1.1333
1754995872.8792663,172,person_38,0.9048
1754995872.9546723,173,person_39,1.1722
1754995873.024585,174,person_13,1.0928
1754995873.345979,172,person_38,0.8615
1754995873.4072013,173,person_39,1.0669
1754995873.4905689,174,person_13,1.0826
1754995873.8103821,172,person_38,0.8565
1754995873.875854,173,person_2,1.1211
1754995873.9388354,174,person_13,1.0905
1754995874.2784047,172,person_38,0.9162
1754995874.344176,173,person_21,1.1685
1754995874.4168525,174,person_13,1.0755
1754995874.8887036,174,person_13,1.1169
1754995875.2173169,172,person_4,0.9148
1754995875.2858367,173,person_21,1.1632
1754995875.3576493,174,person_14,1.0951
1754995875.692051,173,person_21,1.0525
1754995875.7486527,174,person_29,1.0529
1754995876.104783,173,person_21,1.0970
1754995876.1749697,174,person_29,0.9987
1754995876.4630067,175,person_25,1.1875
1754995876.7885888,175,person_29,1.1010
1754995877.1262867,175,person_14,1.1567
1754995877.3629334,176,person_4,1.1315
1754995877.548903,175,person_14,1.1245
1754995877.7797112,176,person_4,1.0210
1754995877.9578078,175,person_14,1.0823
1754995878.1951292,176,person_4,0.9654
1754995878.3635643,175,person_14,0.9750
1754995878.6007578,176,person_4,1.0694
1754995878.786026,175,person_14,1.0299
1754995879.016241,176,person_4,0.9755
1754995879.1954272,175,person_14,1.1809
1754995879.5310874,175,person_14,1.1904
1754995880.4021358,175,person_14,1.1644
1754995880.739481,175,person_14,0.9806
1754995881.0694807,175,person_14,1.1073
1754995881.4077368,175,person_14,1.0678
1754995881.7432876,175,person_14,1.0214
1754995882.3660467,178,person_4,0.9767
1754995882.594151,175,person_9,0.9862
1754995882.7317185,177,person_40,0.8488
1754995882.858715,178,person_4,1.0130
1754995883.0764956,175,person_9,0.9671
1754995883.2140503,177,person_40,0.8919
1754995883.34353,178,person_4,0.9987
1754995883.5604947,175,person_9,1.0450
1754995883.699112,177,person_40,0.8886
1754995883.8274674,178,person_4,1.0019
1754995884.0633454,175,person_9,1.0770
1754995884.2034416,177,person_40,0.9072
1754995884.4880064,179,person_14,1.0165
1754995884.8192205,179,person_14,1.0007
1754995885.1548986,179,person_14,1.0128
1754995885.4876933,179,person_14,0.9861
1754995885.8274121,179,person_14,0.9928
1754995886.1606061,179,person_14,1.0142
1754995886.4911737,179,person_14,0.9920
1754995886.929679,180,person_9,1.0048
1754995887.0006964,181,person_21,0.9810
1754995887.4080877,180,person_9,1.0166
1754995887.4732337,181,person_4,1.0702
1754995887.5378246,182,person_41,0.7900
1754995887.8644834,180,person_9,1.0706
1754995887.9240997,181,person_4,1.0649
1754995888.0073738,182,person_41,0.9274
1754995888.33221,180,person_9,1.1337
1754995888.4006166,181,person_4,1.0964
1754995888.471447,182,person_41,0.8683
1754995888.785013,180,person_9,1.1456
1754995888.8569183,181,person_4,1.1184
1754995888.9292002,182,person_41,0.8200
1754995889.2506883,180,person_9,1.0490
1754995889.3130991,181,person_21,1.0387
1754995889.3963792,182,person_41,0.9298
1754995889.715772,180,person_9,1.1167
1754995889.7873185,181,person_21,0.9970
1754995889.8608093,182,person_41,0.9936
1754995890.3408911,183,person_29,1.0561
1754995890.6695457,183,person_29,1.1588
1754995891.0189295,183,person_14,1.1304
1754995891.3597627,183,person_14,1.1185
1754995891.6938539,183,person_29,1.0228
1754995892.0262558,183,person_29,1.1723
1754995892.3631654,183,person_29,1.1325
1754995892.699264,183,person_29,1.0496
1754995893.015489,183,person_29,1.0855
1754995893.346903,183,person_29,1.1714
1754995893.6830978,183,person_0,1.1585
1754995894.349765,183,person_4,1.1859
1754995894.639489,184,person_20,1.0380
1754995894.974695,184,person_20,1.0794
1754995895.2985537,184,person_9,1.1358
1754995895.6239116,184,person_9,1.0863
1754995895.9585125,184,person_9,1.0208
1754995896.0902908,183,person_14,0.9599
1754995896.4252355,183,person_14,1.0870
1754995896.7650163,183,person_14,1.0956
1754995897.1061857,183,person_0,1.1351
1754995897.442451,183,person_0,1.1363
1754995897.7866066,183,person_0,1.1226
1754995898.1212652,183,person_29,1.1491
1754995898.4462433,183,person_0,1.1518
1754995898.7819676,183,person_0,1.1707
1754995902.2312202,185,person_9,1.0666
1754995902.5677729,185,person_9,1.0867
1754995902.6362457,186,person_8,1.1437
1754995902.9620686,185,person_20,1.0903
1754995903.0392878,186,person_4,1.0970
1754995903.368683,185,person_20,1.0959
1754995903.4386969,186,person_4,1.1329
1754995903.7683463,185,person_20,1.0778
1754995903.8302326,186,person_4,1.0634
1754995904.1764054,185,person_20,1.0040
1754995904.2459083,186,person_4,1.0845
1754995904.5765986,185,person_20,0.9669
1754995904.9933097,185,person_20,1.0848
1754995905.326012,185,person_20,1.0838
1754995905.6645846,185,person_20,1.0853
1754995906.0883245,185,person_20,1.0651
1754995906.3620036,187,person_42,0.9325
1754995906.4942172,185,person_20,1.0609
1754995906.7802002,187,person_42,0.8805
1754995906.915363,185,person_20,1.0490
1754995907.193769,187,person_4,1.0014
1754995907.343419,185,person_20,1.0014
1754995907.6845233,185,person_20,0.9886
1754995908.0131934,185,person_20,1.1503
1754995908.3528256,185,person_25,1.1260
1754995908.684593,185,person_4,1.1730
1754995909.0170562,185,person_0,1.1408
1754995909.4042256,189,person_29,1.0833
1754995909.7527018,189,person_29,1.0715
1754995910.0876734,189,person_29,1.0519
1754995910.4238446,189,person_29,1.0673
1754995910.7623904,189,person_29,1.0604
1754995911.093811,189,person_29,1.0638
1754995911.4309115,189,person_25,1.0092
1754995911.7625525,189,person_0,1.1417
1754995912.1002474,189,person_25,1.1414
1754995912.4333265,189,person_25,1.0664
1754995912.7631693,189,person_25,1.1011
1754995913.0998871,189,person_0,1.0750
1754995913.4551136,189,person_25,1.1365
1754995913.788015,189,person_14,0.8851
1754995914.121673,189,person_14,0.9322
1754995914.4526353,189,person_14,1.1434
1754995914.789765,189,person_29,1.1089
1754995915.1275144,189,person_29,1.1406
1754995915.4604964,189,person_29,1.1218
1754995915.797573,189,person_29,1.1347
1754995916.2811577,191,person_20,1.1592
1754995916.6917288,192,person_41,1.0672
1754995917.0160038,191,person_9,1.1441
1754995917.0771012,192,person_4,1.0670
1754995917.417644,191,person_20,1.1741
1754995917.4866083,192,person_4,1.0551
1754995917.8180275,191,person_20,1.1772
1754995917.8868744,192,person_4,0.9169
1754995918.224725,191,person_9,1.1750
1754995918.296887,192,person_4,0.8613
1754995918.6170537,193,person_17,1.1835
1754995918.6911874,194,person_13,1.1658
1754995919.0232792,193,person_17,1.1500
1754995919.083942,194,person_13,1.1877
1754995919.4231577,193,person_42,1.1840
1754995919.4937434,194,person_4,1.1366
1754995919.8252559,193,person_42,1.1997
1754995919.8980951,194,person_13,1.1771
1754995920.2378154,193,person_17,1.1775
1754995920.6304576,193,person_42,1.1974
1754995921.1263142,195,person_20,1.0570
1754995921.4721437,195,person_20,1.0973
1754995921.7999055,195,person_20,1.1105
1754995922.1357539,195,person_20,1.0534
1754995922.4661317,195,person_20,1.0193
1754995922.815506,195,person_20,1.0031
1754995923.1538734,195,person_20,1.0441
1754995923.48799,195,person_20,1.0257
1754995923.8230882,195,person_20,1.0372
1754995924.1089842,196,person_29,1.1360
1754995924.4370704,196,person_29,1.1620
1754995924.777512,196,person_29,1.1547
1754995925.110285,196,person_29,1.1283
1754995925.4659762,196,person_29,1.1318
1754995925.7963321,196,person_29,1.1285
1754995926.1312752,196,person_29,1.1388
1754995926.461087,196,person_29,1.1309
1754995926.8036547,196,person_29,1.1610
1754995927.1308076,196,person_29,1.1461
1754995927.5673282,197,person_20,1.1130
1754995927.9065483,197,person_9,1.0599
1754995928.2471156,197,person_9,1.1074
1754995928.5762436,197,person_9,1.0953
1754995928.9103,197,person_9,1.0683
1754995929.2440157,197,person_9,1.1232
1754995929.5978138,197,person_9,1.1484
1754995929.931517,197,person_9,1.0794
1754995930.2578995,197,person_9,1.0456
1754995930.5979083,197,person_9,1.0506
1754995930.9316719,197,person_9,1.0026
1754995931.2714767,197,person_9,1.0166
1754995931.6013627,197,person_9,1.0133
1754995931.9462974,197,person_9,1.0150
1754995932.2821102,197,person_9,1.0307
1754995932.4724288,199,person_4,1.0831
1754995932.6999063,197,person_9,1.0386
1754995932.8943148,199,person_4,1.1131
1754995933.120737,197,person_9,1.1882
1754995933.3098817,199,person_4,1.0030
1754995933.5437045,197,person_24,1.1789
1754995933.7207396,199,person_4,1.0941
1754995934.0089333,200,person_29,1.1028
1754995934.3393822,200,person_29,1.0957
1754995934.6737714,200,person_29,1.0794
1754995935.0102923,200,person_29,1.1049
1754995935.3604531,200,person_29,1.1235
1754995935.6985362,200,person_13,1.1143
1754995936.0332599,200,person_13,1.1221
1754995936.36792,200,person_14,1.1122
1754995936.697227,200,person_14,1.0597
1754995937.037931,200,person_14,1.0937
1754995937.3892603,200,person_14,1.0962
1754995937.7233644,200,person_14,1.0601
1754995938.054244,200,person_14,0.9093
1754995938.3876538,200,person_14,0.9496
1754995938.7041872,200,person_14,0.9792
1754995939.0445974,200,person_14,1.0347
1754995939.3830981,200,person_14,1.0512
1754995939.7120464,200,person_14,1.0627
1754995940.0465896,200,person_14,1.0555
1754995940.712487,201,person_43,0.7196
1754995941.0549524,201,person_43,0.6817
1754995941.385701,201,person_43,0.9725
1754995941.7147884,201,person_43,1.0458
1754995942.0495026,201,person_43,1.0934
1754995942.388689,201,person_43,1.1053
1754995942.7230213,201,person_43,1.1478
1754995943.05282,201,person_43,1.1230
1754995943.445985,202,person_14,1.1322
1754995943.7780962,202,person_14,1.0442
1754995944.1073482,202,person_14,1.0494
1754995944.4414008,202,person_14,1.0488
1754995944.7752936,202,person_14,1.0766
1754995945.1126878,202,person_14,1.0902
1754995945.4487112,202,person_14,1.1496
1754995945.7790215,202,person_14,1.0934
1754995946.1186652,202,person_14,1.1011
1754995946.4487529,202,person_14,1.0634
1754995946.7850258,202,person_14,1.1058
1754995947.120916,202,person_14,1.0416
1754995947.4523447,202,person_14,1.0275
1754995947.790234,202,person_14,1.0441
1754995948.127007,202,person_14,1.1009
1754995948.4585009,202,person_14,1.0599
1754995949.1250498,202,person_14,1.1608
1754995949.462807,202,person_14,1.1205
1754995949.8018415,202,person_14,1.1161
1754995950.1288307,202,person_14,1.1391
1754995950.4625304,202,person_14,1.1558
1754995950.805568,202,person_14,1.1817
1754995951.1355202,202,person_14,1.1122
1754995951.4720294,202,person_14,1.0418
1754995951.805747,202,person_14,1.0018
1754995952.1336956,202,person_14,1.0342
1754995952.4658155,202,person_14,1.0386
1754995952.7898126,202,person_14,1.1160
1754995953.1259377,202,person_14,1.0900
1754995953.5174265,203,person_9,1.1116
1754995953.8440773,203,person_9,1.1122
1754995954.1886854,203,person_9,1.1230
1754995954.5121412,203,person_9,1.1092
1754995954.8469796,203,person_9,1.0940
1754995955.1834385,203,person_20,1.0942
1754995955.513921,203,person_20,1.0983
1754995955.8541613,203,person_9,1.0506
1754995956.1826007,203,person_9,1.0442
1754995956.6240773,204,person_41,1.1669
1754995956.6973708,205,person_13,1.0727
1754995957.10457,204,person_34,1.1056
1754995957.1714094,205,person_13,1.1352
1754995957.2422752,206,person_44,0.5530
1754995957.5748,204,person_34,1.0817
1754995957.6418862,205,person_13,1.1812
1754995957.71396,206,person_44,0.8627
1754995958.0385404,204,person_25,1.0979
1754995958.1159198,205,person_13,1.1415
1754995958.1877882,206,person_44,0.8856
1754995958.5115569,204,person_34,1.0835
1754995958.5796938,205,person_13,1.1416
1754995958.6519606,206,person_44,0.8705
1754995958.975553,204,person_34,1.0638
1754995959.0466738,205,person_41,1.1115
1754995959.1171792,206,person_44,0.8543
1754995959.4445076,204,person_41,1.1144
1754995959.515208,205,person_13,1.1456
1754995959.5873823,206,person_44,1.0142
1754995959.9123518,204,person_41,1.0400
1754995959.9860609,205,person_13,1.1299
1754995960.055919,206,person_44,0.9882
1754995960.3864763,204,person_41,1.0138
1754995960.4578292,205,person_13,1.1613
1754995960.529086,206,person_44,1.0923
1754995960.8547602,204,person_41,1.0555
1754995960.9294896,205,person_4,1.0897
1754995960.9970894,206,person_44,1.1397
1754995961.4844737,207,person_20,1.0874
1754995961.8188694,207,person_20,1.1264
1754995962.1531315,207,person_44,1.1437
1754995962.4882321,207,person_44,1.1130
1754995962.833425,207,person_9,1.0877
1754995963.1602664,207,person_9,1.0566
1754995963.5474632,208,person_29,1.0827
1754995963.8795257,208,person_29,1.1318
1754995964.2158136,208,person_14,1.0473
1754995964.5476096,208,person_14,0.9367
1754995964.8869302,208,person_14,0.8932
1754995965.218086,208,person_14,0.9251
1754995965.5736532,208,person_14,0.9496
1754995965.9028034,208,person_14,0.9478
1754995966.2378151,208,person_14,0.9383
1754995966.5207415,209,person_20,1.0747
1754995966.8560636,209,person_20,1.0746
1754995967.1873858,209,person_44,1.0758
1754995967.5247145,209,person_44,1.1111
1754995967.8575177,209,person_44,1.0784
1754995968.1244516,208,person_14,0.9975
1754995968.4614623,208,person_14,0.9547
1754995968.798303,208,person_14,0.9430
1754995969.1307402,208,person_14,0.9703
1754995969.4645,208,person_14,0.9943
1754995969.8136127,208,person_14,1.0281
1754995970.1751707,208,person_14,1.0310
1754995970.553439,208,person_14,1.0122
1754995970.9344132,208,person_14,1.0102
1754995971.2732565,208,person_14,1.0244
1754995971.636514,208,person_14,0.9827
1754995972.5351183,210,person_45,0.1201
1754995972.8917272,210,person_45,0.1539
1754995973.25616,210,person_45,0.1935
1754995973.6378782,210,person_45,0.2676
1754995974.0418797,210,person_45,0.3615
1754995974.4192095,210,person_45,0.9745
1754995974.7639918,210,person_45,1.0172
1754995975.1184773,210,person_45,0.8924
1754995975.466546,210,person_45,0.7849
1754995975.8516908,211,person_14,0.9828
1754995976.2028558,211,person_14,0.9560
1754995976.5896845,211,person_14,0.9399
1754995976.9542484,211,person_14,0.9289
1754995977.3070686,211,person_14,0.9359
1754995977.7060459,211,person_14,0.8987
1754995978.1531115,212,person_45,0.7911
1754995978.5103812,212,person_45,0.7472
1754995978.8794482,212,person_25,1.1709
1754995979.2473333,212,person_25,1.0644
1754995979.6147826,212,person_25,1.0721
1754995979.8400264,211,person_38,1.0474
1754995980.1975913,211,person_38,1.0836
1754995980.5627859,211,person_38,1.1836
1754995980.9201102,211,person_38,1.0944
1754995981.2954328,211,person_38,1.0930
1754995981.655094,211,person_4,1.1669
1754995982.0117223,211,person_29,1.1235
1754995982.361203,211,person_14,1.0016
1754995982.718803,211,person_14,0.9404
1754995983.0648386,211,person_14,0.9149
1754995983.4677062,213,person_20,0.9455
1754995983.8350236,213,person_20,0.9645
1754995984.1909094,213,person_20,0.9751
1754995984.6156077,213,person_20,1.0396
1754995985.0978887,214,person_38,1.0049
1754995985.612929,214,person_38,1.0080
1754995985.6856298,215,person_46,0.3130
1754995986.0924723,214,person_38,1.0070
1754995986.1617181,215,person_46,0.2926
1754995986.5378776,214,person_38,1.0119
1754995986.605254,215,person_46,0.3645
1754995987.0079389,214,person_38,1.0303
1754995987.076601,215,person_46,0.4172
1754995987.5424433,216,person_9,1.1239
1754995987.926827,216,person_9,1.0920
1754995988.0647097,217,person_4,1.0063
1754995988.3733406,216,person_9,1.0643
1754995988.5048575,217,person_4,1.0396
1754995988.787982,216,person_9,1.0539
1754995988.9179575,218,person_4,1.0949
1754995989.2198331,216,person_9,1.1023
1754995989.3443508,218,person_4,1.0747
1754995989.673478,216,person_9,1.1126
1754995989.8091989,218,person_21,1.0787
1754995990.0844681,219,person_38,0.9856
1754995990.4241207,219,person_38,0.9596
1754995990.786889,219,person_38,0.9996
1754995991.1721468,219,person_38,0.9136
1754995991.5122035,219,person_38,0.9575
1754995991.8428245,219,person_38,0.9726
1754995992.1589983,219,person_38,1.0258
1754995992.4931228,219,person_38,0.9759
1754995992.8336802,219,person_38,1.0034
1754995993.1648946,219,person_38,0.9661
1754995993.5049634,219,person_38,1.0024
1754995993.932869,221,person_14,1.1526
1754995994.254495,220,person_47,0.4526
1754995994.320747,221,person_14,1.1468
1754995994.654981,220,person_47,0.7490
1754995994.7147934,221,person_14,1.1121
1754995995.0586126,220,person_47,0.6928
1754995995.1242485,221,person_14,1.1148
1754995995.458314,220,person_47,0.6627
1754995995.519007,221,person_1,1.1872
1754995995.8629503,220,person_47,0.7956
1754995995.9294868,221,person_41,1.0967
1754995996.258472,220,person_47,0.9277
1754995996.3194468,221,person_41,1.1163
1754995996.6585984,220,person_47,0.8749
1754995996.7227361,221,person_21,1.0246
1754995997.065161,220,person_25,1.0275
1754995997.1242025,221,person_21,0.9464
1754995997.6114626,222,person_44,1.0866
1754995997.9667368,222,person_20,1.0749
1754995998.2974486,222,person_20,1.0686
1754995998.6397405,222,person_20,1.1099
1754995998.9690723,222,person_44,1.1085
1754995999.316922,222,person_44,1.0561
1754995999.6689756,222,person_44,1.0440
1754996000.003686,222,person_44,1.0640
1754996000.3412597,222,person_44,1.0545
1754996000.7116241,222,person_9,1.0398
1754996004.2919924,223,person_44,1.1077
1754996004.3512332,224,person_4,1.0646
1754996004.4127648,225,person_41,1.0019
1754996004.75309,223,person_9,1.0883
1754996004.826799,224,person_4,0.9335
1754996004.8821754,225,person_21,1.0979
1754996005.25472,223,person_9,1.1128
1754996005.3200204,224,person_4,1.0342
1754996005.3836813,225,person_21,1.0681
1754996005.7405627,223,person_9,1.1424
1754996005.804197,224,person_21,1.1729
1754996005.869989,225,person_21,1.0680
1754996006.2246501,223,person_9,1.0164
1754996006.2904906,224,person_4,1.0233
1754996006.3641117,225,person_21,1.0702
1754996006.7177346,223,person_9,1.1211
1754996006.7893622,224,person_4,1.0006
1754996006.859694,225,person_21,1.0650
1754996007.200755,223,person_9,1.0569
1754996007.2641625,225,person_21,1.0331
1754996007.6300445,223,person_9,1.0976
1754996007.7008803,225,person_21,0.9967
1754996008.0380933,223,person_9,1.1090
1754996008.102242,225,person_21,1.0323
1754996008.4326618,223,person_9,1.1681
1754996008.498791,225,person_21,1.0300
1754996008.8446665,225,person_38,1.0718
1754996009.1750686,225,person_38,1.0788
1754996009.5102715,225,person_38,1.1271
1754996009.8589144,225,person_38,1.1096
1754996010.1947246,225,person_38,1.0921
1754996010.5231586,225,person_38,1.0966
1754996010.8713222,225,person_38,1.1330
1754996011.1922588,225,person_38,1.0842
1754996011.4768772,226,person_20,1.0230
1754996011.8315594,226,person_20,1.0194
1754996012.181796,226,person_20,1.0286
1754996012.5194578,226,person_20,1.1249
1754996012.857968,226,person_20,1.0894
1754996013.1828492,226,person_20,1.0407
1754996013.5258744,226,person_20,0.9979
1754996013.8573248,226,person_20,0.9649
1754996014.1937172,226,person_20,0.9555
1754996014.5210216,226,person_20,1.0282
1754996014.8569643,226,person_20,1.0581
1754996015.1899753,226,person_20,1.0238
1754996015.5412166,226,person_20,0.9935
1754996015.8804314,226,person_20,1.0531
1754996016.2101798,226,person_20,1.1247
1754996023.9871366,227,person_4,1.1675
1754996024.062179,228,person_25,1.1571
1754996024.237834,229,person_4,0.9813
1754996024.488854,227,person_2,1.1166
1754996024.5548358,228,person_25,1.1005
1754996024.8889964,229,person_41,1.0868
1754996025.0228999,227,person_2,1.1578
1754996025.0889814,228,person_25,1.1304
1754996025.4342782,227,person_2,1.1808
1754996025.503662,228,person_25,1.0806
1754996025.7978828,229,person_41,1.0721
1754996025.9303653,227,person_4,1.1528
1754996025.9923873,228,person_25,1.1377
1754996026.2835104,229,person_41,1.0677
1754996026.4214196,227,person_4,1.1299
1754996026.4775057,228,person_25,1.1083
1754996026.7634945,229,person_41,1.0123
1754996026.8988788,227,person_4,1.1056
1754996026.9625733,228,person_1,1.1755
1754996027.2535832,229,person_41,1.0380
1754996027.3657658,227,person_4,1.1177
1754996027.432026,228,person_14,1.1497
1754996027.7257986,229,person_4,0.9492
1754996027.8543785,227,person_4,1.0719
1754996027.9163363,228,person_14,1.0749
1754996028.2353237,227,person_4,1.0761
1754996028.310078,228,person_14,1.1665
1754996028.6472495,227,person_4,1.1862
1754996028.7120945,228,person_14,1.1183
1754996029.0439832,227,person_38,1.1197
1754996029.1146214,228,person_14,1.1300
1754996029.4440207,227,person_38,1.1144
1754996029.5047946,228,person_14,1.1164
1754996029.847009,227,person_38,1.1172
1754996029.9104478,228,person_14,1.0903
1754996030.2308428,227,person_38,1.1997
1754996030.296433,228,person_14,1.1886
1754996030.6923869,228,person_14,1.1185
1754996031.1708024,230,person_44,1.1481
1754996031.500608,230,person_44,1.0873
1754996031.8313656,230,person_9,1.0987
1754996032.1659164,230,person_44,1.0990
1754996032.505021,230,person_44,1.1057
1754996032.9428344,231,person_14,1.1087
1754996033.2740119,231,person_14,1.1029
1754996033.6090372,231,person_14,1.1356
1754996033.9442272,231,person_14,1.1642
1754996034.2733343,231,person_14,1.1237
1754996034.6141357,231,person_14,1.1671
1754996034.975642,231,person_14,1.0797
1754996035.3156118,231,person_14,1.1363
1754996035.6444402,231,person_14,1.0763
1754996035.9879498,231,person_14,1.1665
1754996036.330492,231,person_14,1.0831
1754996036.7161136,231,person_14,1.0849
1754996037.0658045,231,person_14,1.0585
1754996037.4058688,231,person_14,1.0832
1754996037.735085,231,person_14,1.0715
1754996038.069948,231,person_14,1.0435
1754996038.4047923,231,person_14,1.0119
1754996038.7572165,231,person_14,1.1732
1754996039.0937524,231,person_14,1.1007
1754996039.4441705,231,person_14,1.0671
1754996039.7764387,231,person_14,1.0809
1754996040.1272666,231,person_14,1.0680
1754996040.4636726,231,person_14,1.0913
1754996040.755734,232,person_20,1.0943
1754996041.100728,232,person_20,1.1097
1754996041.4340305,232,person_20,1.1034
1754996041.7866852,232,person_20,1.0836
1754996042.121332,232,person_20,1.0914
1754996042.4511669,232,person_44,1.1425
1754996042.8031955,232,person_20,1.0950
1754996043.1381047,232,person_20,1.1299
1754996043.4722228,233,person_13,1.1087
1754996043.8066394,233,person_14,1.1677
1754996044.1438725,233,person_14,1.1886
1754996044.4814143,233,person_29,1.1987
1754996044.8105912,233,person_29,1.1611
1754996045.1494606,233,person_14,1.0657
1754996045.480136,233,person_14,1.0682
1754996045.833131,233,person_29,1.1366
1754996046.1644661,233,person_14,1.0441
1754996046.499593,233,person_29,1.1390
1754996046.8369641,233,person_14,1.0931
1754996047.168294,233,person_14,1.0376
1754996047.508943,233,person_14,1.0457
1754996047.8370614,233,person_14,1.0790
1754996048.171845,233,person_14,1.0347
1754996052.6769576,235,person_22,1.1683
1754996052.9946904,234,person_48,0.3936
1754996053.064138,235,person_22,1.1702
1754996053.389966,234,person_48,0.3779
1754996053.4554272,235,person_12,1.1143
1754996053.8079348,234,person_48,0.4789
1754996053.8770902,235,person_2,1.1609
1754996054.2931736,234,person_21,1.1280
1754996054.6276736,234,person_48,0.6338
1754996054.6941113,235,person_4,1.0555
1754996055.0744195,234,person_17,1.1826
1754996055.129961,235,person_4,1.1232
1754996055.5793867,235,person_4,1.1167
1754996055.8996272,239,person_0,1.0747
1754996055.964386,240,person_48,1.1616
1754996056.3063273,239,person_0,1.0977
1754996056.364985,240,person_25,1.1409
1754996056.7339168,239,person_0,1.0866
1754996056.8017418,240,person_25,1.0929
1754996057.172809,239,person_0,1.0999
1754996057.241743,240,person_25,0.9870
1754996057.558225,239,person_0,1.1136
1754996057.627948,240,person_25,1.0297
1754996057.9963756,239,person_0,1.1168
1754996058.0659251,240,person_25,1.1057
1754996058.3962977,239,person_0,1.1203
1754996058.4562683,240,person_41,1.1546
1754996058.8095114,239,person_0,1.0906
1754996058.875964,240,person_25,1.0929
1754996059.3119283,241,person_15,1.1159
1754996059.3764234,242,person_13,1.1556
1754996059.7838063,242,person_13,1.1073
1754996060.113737,241,person_4,1.1748
1754996060.1875827,242,person_13,1.0318
1754996060.591897,242,person_13,1.1226
1754996060.9860728,242,person_13,1.1443
1754996061.4243426,243,person_25,1.1047
1754996061.49589,244,person_4,1.0683
1754996061.8279595,243,person_25,1.0950
1754996061.8962967,244,person_4,1.0950
1754996062.2250206,243,person_9,1.0791
1754996062.2910597,244,person_4,1.0103
1754996062.61334,243,person_9,1.0836
1754996062.681221,244,person_4,0.9515
1754996063.0076876,243,person_9,1.0757
1754996063.0885088,244,person_4,0.9645
1754996063.4304407,243,person_9,1.0918
1754996063.499535,244,person_4,0.9570
1754996063.7771323,245,person_14,0.9221
1754996063.9106858,243,person_4,1.0479
1754996064.1782029,245,person_14,0.9314
1754996064.3100162,243,person_4,1.0364
1754996064.5831451,245,person_14,0.9664
1754996064.7144413,243,person_4,0.9932
1754996064.9811995,245,person_14,0.9980
1754996065.1199744,243,person_4,0.9418
1754996065.388114,245,person_14,0.9925
1754996065.5162113,243,person_4,0.9805
1754996065.7840881,244,person_4,0.9233
1754996065.9267745,243,person_20,1.1653
1754996066.1855178,244,person_4,0.9279
1754996066.321311,243,person_20,1.1183
1754996066.5864978,244,person_4,0.9780
1754996066.7196996,243,person_20,1.1009
1754996066.9881618,244,person_4,1.0034
1754996067.1205316,243,person_20,1.1168
1754996067.3899202,244,person_4,0.9999
1754996067.523,243,person_20,1.1221
1754996067.8133945,244,person_4,0.9914
1754996068.1088011,246,person_19,1.1192
1754996068.175182,247,person_2,1.0734
1754996068.5052035,246,person_8,1.1504
1754996068.570715,247,person_4,0.8259
1754996072.337097,249,person_49,1.1421
1754996072.6581004,248,person_49,0.9918
1754996072.7234108,249,person_30,1.0546
1754996073.059053,248,person_4,1.0932
1754996073.4606638,248,person_49,1.1715
1754996073.5262637,249,person_37,1.1794
1754996073.878775,248,person_49,0.9825
1754996073.9451606,249,person_13,1.1470
1754996074.2807791,248,person_49,0.9333
1754996074.3558338,249,person_4,1.0594
1754996075.438831,248,person_12,1.1533
1754996075.5038707,249,person_12,1.1395
1754996075.8524096,254,person_21,1.1617
1754996076.1086864,255,person_22,1.1617
1754996076.4571185,255,person_41,1.0267
1754996076.7977138,255,person_24,1.1846
1754996076.9893165,256,person_2,1.0856
1754996077.2241933,255,person_21,1.1749
1754996077.42469,256,person_8,1.1730
1754996077.6695745,255,person_21,1.1789
1754996077.8629792,256,person_17,1.1958
1754996078.5449214,255,person_29,1.1755
1754996078.9848018,255,person_4,1.1837
1754996079.436235,255,person_19,1.1383
